Instruction,Input,Output,Predicted
Answer the question truthfully in English in one sentence,What is the purpose of EnergyPlus and what key components does it include for building energy simulation?,"EnergyPlus is a comprehensive building energy simulation program designed to model and analyze energy systems in buildings incorporating various components such as HVAC systems thermal models airflow simulations and detailed methodologies for heat balance air system integration and daylighting calculations.","The purpose of EnergyPlus is to provide the tools and methods to assist in the design and analysis of energy systems for the built environment."
Answer the question truthfully in English in one sentence,What factors are considered in calculating the exterior heat transfer coefficient in building energy simulations?,"Factors such as surface roughness wind speed and surface orientation are considered.","What factors are considered in calculating the exterior heat transfer coefficient in building energy simulations? (In a sentence)Question 1In the example below."
Answer the question truthfully in English in one sentence,What are the key components considered in the Green Roof Model (EcoRoof) for energy savings simulation?,"The Green Roof Model accounts for radiative exchange convective heat transfer evapotranspiration and heat conduction in the soil layer.","What is the difference between a roof and a roof deck? (In a sentence) (roof is the top of a building."
Answer the question truthfully in English in one sentence,What is the LBNL method used for in the context of fenestration systems?,"The LBNL method is used for characterizing scattering fenestration systems by approximating integrals with finite sums and calculating their optical properties including transmission and reflection without needing knowledge of individual layers.","What is the LBNL method used for in the context of fenestration systems? (In a sentence) (In a sentence) (In a sentence) (In a sentence) (In a sentence) (In a sentence) (In a sentence) (In a sentence) (In a sentence) (In a sentence) (In a sentence) (In a sentence) (In a sentence) (In a sentence) (In a sentence) (In a sentence) (In a sentence) (In a sentence) (In a sentence) (In a sentence)."
Answer the question truthfully in English in one sentence,How is the pump heat to fluid calculated in HVAC systems?,"The pump heat to fluid is calculated using the equation PH = PS + (P − PS) × Fmf where PS is the shaft power P is the pump power and Fmf is the fractional motor loss to fluid.","How is the pump heat to fluid calculated in HVAC systems? (In a sentence)RHow is the pump heat to fluid calculated in HVAC systems? (In a sentence)How is the pump heat to fluid calculated in HVAC systems? (In a sentence)How is the pump heat to fluid calculated in HVAC systems? (In a sentence)How is the pump heat to fluid calculated in HVAC systems? (In a sentence)How is the pump heat to fluid calculated in HVAC systems? (In a sentence)How is the pump heat to fluid calculated in HVAC systems? (In a sentence)How is the."
Answer the question truthfully in English in one sentence,What are the key components involved in the design and modeling of air system distribution terminals in HVAC applications?,"The key components include four-pipe beam systems cooled beam units and dual duct systems each with specific methods for sizing and operating to meet ventilation cooling and heating requirements.","What are the key components involved in the design and modeling of air system distribution terminals in HVAC applications? (In a sentence) (In a sentence) (In a sentence) (In a sentence) (In a sentence) (In a sentence) (In a sentence) (In a sentence) (In a sentence) (In a sentence) (In a sentence) (In a sentence) (In a sentence) (In a sentence) (In a sentence) (In a sentence) (In a sentence) (In a sentence) (In a sentence) (."
Answer the question truthfully in English in one sentence,What is the purpose of the Load Factor (LF) in the context of DX cooling systems?,"The Load Factor (LF) represents the fractional 'on' time for reduced load points and is used to calculate part-load performance.","What is the purpose of the Load Factor (LF) in the context of DX cooling systems? (In a sentence) (In a sentence) (In a sentence) (In a sentence) (In a sentence) (In a sentence) (In a sentence) (In a sentence) (In a sentence) (In a sentence) (In a sentence) (In a sentence) (In a sentence) (In a sentence) (In a sentence) (In a sentence) (In a sentence) (In a sentence) (In a sentence) (In a."
Answer the question truthfully in English in one sentence,What are the different working modes of the ASIHP system?,"The ASIHP system includes Space Cooling Mode (SC) Space Heating Mode (SH) Dedicated Water Heating Mode (DWH) Combined Space Cooling and Water Heating with Full Condensing Mode (SCWH) Combined Space Cooling and Water Heating with Desuperheating Mode (SCDWH) and Combined Space Heating and Water Heating with Desuperheating Mode (SHDWH).","What is the difference between the two modes of working of the ASIHP system? (In a sentence) (In a sentence) (In a sentence)What are the different modes of working of the ASIHP system? (In a sentence) (In a sentence) (In a sentence)What are the working modes of the ASIHP system? (In a sentence) (In a sentence) (In a sentence)What are the different working modes of the ASIHP system? (In a sentence) (In a sentence) (In a sentence)What are the different modes of working."
Answer the question truthfully in English in one sentence,What is the purpose of the Fan Energy Index (FEI) in HVAC systems?,"The Fan Energy Index (FEI) is a metric for comparing fan energy performance and is used in regulatory standards and utility rebate programs.","What are the advantages and disadvantages of using a fan energy index (FEI) in HVAC systems? (In a sentence) (In a sentence) (In a sentence) (In a sentence) (In a sentence) (In a sentence) (In a sentence) (In a sentence) (In a sentence) (In a sentence) (In a sentence) (In a sentence) (In a sentence) (In a sentence) (In a sentence) (In a sentence) (In a sentence) (In a sentence) (In a sentence) (In a sentence."
Answer the question truthfully in English in one sentence,What happens when the heat pump's DX heating coil output is insufficient at full load?,"The remaining heating load is passed to the supplemental heating coil.","What happens when the heat pump's DX heating coil output is insufficient at full load? (In a sentence) (In a sentence) (In a sentence)What happens when the heat pump's DX heating coil output is insufficient at full load? (In a sentence) (In a sentence) (In a sentence)What happens when the heat pump's DX heating coil output is insufficient at full load? (In a sentence) (In a sentence) (In a sentence)What happens when the heat pump's DX heating coil output is insufficient at full load? (In a sentence) (."
Answer the question truthfully in English in one sentence,What is the formula for calculating the overall heat transfer coefficient (UA) in a balanced flow desiccant heat exchanger?,"UA = UAdes × (rhA + 1) / ((m_pdes × T_pdes / m_p × T_p)^0.78 + rhA × (m_sdes × T_sdes / m_s × T_s)^0.78).","What is the formula for calculating the overall heat transfer coefficient (UA) in a balanced flow desiccant heat exchanger? (In a sentence)[In a sentence]What is the formula for calculating the overall heat transfer coefficient (UA) in a balanced flow desiccant heat exchanger? (In a sentence)The formula for calculating the overall heat transfer coefficient (UA) in a balanced flow desiccant heat exchanger isUA = (h _{out} -h _{in} ) / (T _{."
Answer the question truthfully in English in one sentence,What factors influence the operation of pumps in a plant loop?,"Pumps can operate as constant or variable flow run continuously or intermittently and their placement in the supply or demand side of the plant loop affects their operation.","What factors influence the operation of pumps in a plant loop? (In a sentence)RuthWhat factors influence the operation of pumps in a plant loop? (In a sentence)RuthWhat factors influence the operation of pumps in a plant loop? (In a sentence)RuthWhat factors influence the operation of pumps in a plant loop? (In a sentence)RuthWhat factors influence the operation of pumps in a plant loop? (In a sentence)RuthWhat factors influence the operation of pumps in a plant loop? (In a sentence)RuthWhat factors influence the."
Answer the question truthfully in English in one sentence,What factors influence the defrost cycle frequency and duration in refrigerated cases?,"The defrost cycle frequency and duration are influenced by manufacturer recommendations the specific number of defrost cycles required per day and the ambient air humidity levels surrounding the case.","What factors influence the defrost cycle frequency and duration in refrigerated cases? (In a sentence)We're sorry."
Answer the question truthfully in English in one sentence,What is the purpose of the Adaptive Comfort Model (EN15251-2007) in building energy management?,"The Adaptive Comfort Model is intended for naturally ventilated buildings and determines the acceptability of indoor conditions based on the 7-day weighted mean outdoor air temperature and the indoor operative temperature categorizing comfort into three regions: Category I (90% Acceptability) Category II (80% Acceptability) and Category III (65% Acceptability).","What are the main principles of the Adaptive Comfort Model? (In a sentence) (In a sentence) (In a sentence) (In a sentence) (In a sentence) (In a sentence) (In a sentence) (In a sentence) (In a sentence) (In a sentence) (In a sentence) (In a sentence) (In a sentence) (In a sentence) (In a sentence) (In a sentence) (In a sentence) (In a sentence) (In a sentence) (In a sentence) (In a."
Answer the question truthfully in English in one sentence,How does the PTAC system calculate the heating part-load ratio?,"The PTAC calculates the heating part-load ratio through iterative calculations that account for non-linear performance and fan heat variations ensuring maximum possible heating if full-load heating is insufficient.","What is the difference between the PTAC and the PTAC-2? (In a sentence) (In a sentence) (In a sentence) (In a sentence) (In a sentence) (In a sentence) (In a sentence) (In a sentence) (In a sentence) (In a sentence) (In a sentence) (In a sentence) (In a sentence) (In a sentence) (In a sentence) (In a sentence) (In a sentence) (In a sentence) (In a sentence) (In a sentence) (In a sentence) (In a."
Answer the question truthfully in English in one sentence,What is the purpose of the Hours of Safety framework developed by EPA and RMI?,"The Hours of Safety framework helps to understand how long a home can maintain safe indoor temperature levels during a power outage based on building characteristics and energy efficiency levels.","What is the purpose of the Hours of Safety framework developed by EPA and RMI? (In a sentence)The purpose of the Hours of Safety framework is to help RMI and EPA to identify and resolve safety and health hazards that are relevant to the work of the two organizations and to provide guidance to EPA and RMI to help address those hazards.The framework is based on the following principles:The safety and health of workers is a fundamental element of the work of both organizations.The safety and health of workers is the responsibility of both organizations.The safety and health of workers is the responsibility of."
Answer the question truthfully in English in one sentence,What is the hot stress threshold temperature for indoor environments?,"The hot stress threshold is 86°F (30°C).","What is the hot stress threshold temperature for indoor environments? (In a sentence)1.0°CWhat is the hot stress threshold temperature for indoor environments? (In a sentence) 1.0°CWhat is the hot stress threshold temperature for indoor environments? (In a sentence) 1.0°CWhat is the hot stress threshold temperature for indoor environments? (In a sentence) 1.0°CWhat is the hot stress threshold temperature for indoor environments? (In a sentence) 1.0°CWhat is the hot stress threshold temperature for indoor environments? (In a."
